{
  "built_at": "2026-05-19T01:39:57.242Z",
  "source": "csv:data/results.csv",
  "ratings": {
    "Albania": 1459.5120500039368,
    "Algeria": 1614.0325984984486,
    "Argentina": 1878.0530745356473,
    "Australia": 1592.6297352655342,
    "Austria": 1617.9776382413522,
    "Belgium": 1713.0066039655478,
    "Bolivia": 1461.7895822316682,
    "Bosnia and Herzegovina": 1492.975237524224,
    "Brazil": 1804.904690351168,
    "Cameroon": 1502.7237478377767,
    "Canada": 1595.7971764765994,
    "Cape Verde": 1438.990335729141,
    "Chile": 1574.315127936305,
    "China": 1342.8273459398938,
    "Colombia": 1767.4299065086293,
    "Costa Rica": 1467.6923653566726,
    "Croatia": 1713.4548230612363,
    "Curaçao": 1336.7234465773813,
    "Czechia": 1580.2494678841238,
    "Denmark": 1686.341244237293,
    "DR Congo": 1457.0388923028183,
    "Ecuador": 1707.2248642163534,
    "Egypt": 1533.5356453345682,
    "El Salvador": 1330.746311985424,
    "England": 1752.75500540365,
    "Finland": 1448.0583262897867,
    "France": 1834.5482028800104,
    "Germany": 1730.6629391528509,
    "Ghana": 1511.5910233168152,
    "Greece": 1593.0656384821104,
    "Guatemala": 1360.433692991988,
    "Haiti": 1340.4978471556835,
    "Honduras": 1416.5168922214127,
    "Hungary": 1562.2335883549117,
    "Iceland": 1459.1975382240105,
    "Iran": 1608.6149125891145,
    "Iraq": 1470.5625824616045,
    "Italy": 1705.1526701217338,
    "Ivory Coast": 1590.9495664758329,
    "Jamaica": 1406.6845907185038,
    "Japan": 1675.6894257767758,
    "Jordan": 1433.563120734823,
    "Mali": 1460.430193312978,
    "Mexico": 1655.607650799524,
    "Morocco": 1659.1489842894978,
    "Netherlands": 1747.6877400501678,
    "New Zealand": 1367.2212510456195,
    "Nigeria": 1579.9067650757065,
    "North Macedonia": 1423.995404255477,
    "Norway": 1572.3607359374553,
    "Panama": 1539.1262327848374,
    "Paraguay": 1621.6086744807183,
    "Peru": 1555.253324415243,
    "Poland": 1594.7007820314905,
    "Portugal": 1777.7163959560748,
    "Qatar": 1454.1727205532463,
    "Republic of Ireland": 1520.7819486270653,
    "Romania": 1516.5944029567265,
    "Saudi Arabia": 1441.619855679036,
    "Scotland": 1561.7121004445105,
    "Senegal": 1645.3786151269571,
    "Serbia": 1591.5161212655644,
    "Slovakia": 1558.0996145371687,
    "Slovenia": 1542.290062625789,
    "South Africa": 1491.759791451113,
    "South Korea": 1624.8051772562178,
    "Spain": 1854.479927890912,
    "Sweden": 1611.4480840589827,
    "Switzerland": 1677.8676443217678,
    "Trinidad and Tobago": 1318.1972998845436,
    "Tunisia": 1590.7410677045903,
    "Türkiye": 1642.049729604451,
    "Ukraine": 1635.3095081487268,
    "United Arab Emirates": 1383.0938865191422,
    "United States": 1573.9552217296698,
    "Uruguay": 1707.2382048640493,
    "Uzbekistan": 1476.8390125103817,
    "Venezuela": 1574.8901245078878,
    "Wales": 1539.6462679433475
  }
}